@@,name
---,Wan Rizal Wan Zakariah
---,S. Iswaran
---,Patrick Tay
---,Murali Pillai
---,Muhammad Faishal Ibrahim
---,Muhamad Faisal Manap
---,Mohd Fahmi Aliman
---,Mohamed Sharael Taha
---,Melvin Yong
---,Masagos Zulkifli
---,Maliki Osman
---,Louis Ng
---,Louis Chua
---,Lian Pin Koh
---,K. Shanmugam
---,Jessica Tan
---,Jamus Lim
---,Henry Kwek
---,Grace Fu
---,Gerald Giam
---,Edwin Tong
---,Edward Chia
---,Denise Phua
---,Cheryl Chan
---,Amy Khor
---,Alex Yam
+++,Wan Rizal
+++,Tan Yia Swam
+++,Sharael Taha
+++,Shahira Abdullah
+++,S Iswaran
+++,Raj Joshua Thomas
+++,Prof Jamus Jerome Lim
+++,Prof Dr Muhammad Faishal Ibrahim
+++,Patrick Tay Teck Guan
+++,Murali Pillai SC
+++,Muhamad Faisal Bin Abdul Manap
+++,Mohd Fahmi Bin Aliman
+++,Mohamad Maliki Bin Osman
+++,Melvin Yong Yik Chye
+++,Masagos Zulkifli Bin Masagos Mohamad
+++,Louis Ng Kok Kwang
+++,Kwek Hian Chuan Henry
+++,Koh Lian Pin
+++,K Shanmugam
+++,Jessica Tan Soon Neo
+++,Janet Ang
+++,Hoon Hian Teck
+++,Grace Fu Hai Yien
+++,Gerald Giam Yean Song
+++,Edwin Tong Chun Fai
+++,Edward Chia Bing Hui
+++,Denise Phua Lay Peng
+++,Chua Kheng Wee Louis
+++,Cheryl Chan Wei Ling
+++,Cheng Hsing Yao
+++,Amy Khor Lean Suan
+++,Alex Yam Ziming
+++,Abdul Samad
